"","PMCID"
"1","PMC7090089"
"2","PMC7862452"
"3","PMC7908791"
"4","PMC6776827"
"5","PMC8459248"
"6","PMC8676939"
"7","PMC5538937"
"8","PMC8146508"
"9","PMC7195684"
"10","PMC5419106"
"11","PMC8073378"
"12","PMC6356668"
"13","PMC6116107"
"14","PMC5698158"
"15","PMC6232898"
"16","PMC8977513"
"17","PMC7759204"
"18","PMC6800851"
"19","PMC8650968"
"20","PMC6953853"
"21","PMC6878866"
"22","PMC6509448"
"23","PMC6396727"
"24","PMC9122028"
"25","PMC6980184"
"26","PMC5842142"
"27","PMC8557018"
"28","PMC9029872"
"29","PMC8854753"
"30","PMC6105177"
"31","PMC5936060"
"32","PMC6291667"
"33","PMC6547534"
"34","PMC7709445"
"35","PMC5895808"
"36","PMC8097040"
"37","PMC5357186"
"38","PMC6948945"
"39","PMC8619818"
"40","PMC6684868"
"41","PMC6511341"
"42","PMC6843247"
"43","PMC6361694"
"44","PMC9041285"
"45","PMC8245670"
"46","PMC6511977"
"47","PMC5966773"
"48","PMC7908801"
"49","PMC6138947"
"50","PMC7188889"
"51","PMC8976556"
"52","PMC8632882"
"53","PMC8766813"
"54","PMC7352868"
"55","PMC8392264"
"56","PMC8573873"
"57","PMC7040239"
"58","PMC7546488"
"59","PMC8406777"
"60","PMC6195997"
"61","PMC6451216"
"62","PMC6587089"
"63","PMC7996667"
"64","PMC7082401"
"65","PMC8362055"
"66","PMC8394557"
"67","PMC7382321"
"68","PMC8211763"
"69","PMC6173246"
"70","PMC8646843"
"71","PMC8473704"
"72","PMC6814573"
"73","PMC7139826"
"74","PMC8262247"
"75","PMC5447760"
"76","PMC7905917"
"77","PMC6957877"
"78","PMC7684745"
"79","PMC6945698"
"80","PMC7766163"
"81","PMC7336939"
"82","PMC7686066"
"83","PMC9099607"
"84","PMC8242858"
"85","PMC7815697"
"86","PMC8529773"
"87","PMC7901788"
"88","PMC6615253"
"89","PMC7366206"
"90","PMC7759140"
"91","PMC7061134"
"92","PMC6427863"
"93","PMC5822542"
"94","PMC9025940"
"95","PMC8910480"
"96","PMC6162305"
"97","PMC6282546"
"98","PMC8094996"
"99","PMC6243627"
"100","PMC9082826"
"101","PMC6224635"
"102","PMC7164145"
"103","PMC7540704"
"104","PMC5485952"
"105","PMC7068967"
"106","PMC8650991"
"107","PMC7460363"
"108","PMC8559765"
"109","PMC5684013"
"110","PMC7924140"
"111","PMC9142458"
"112","PMC7761799"
"113","PMC7403112"
"114","PMC5514148"
"115","PMC8040581"
"116","PMC8951068"
"117","PMC8452732"
"118","PMC7195786"
"119","PMC8480935"
"120","PMC6209056"
"121","PMC7691879"
"122","PMC8405278"
"123","PMC6709510"
"124","PMC7507625"
"125","PMC6474749"
"126","PMC8933355"
"127","PMC8504855"
"128","PMC7196744"
"129","PMC8534421"
"130","PMC6398714"
"131","PMC8718735"
"132","PMC6425842"
"133","PMC8051238"
"134","PMC7467300"
"135","PMC6478370"
"136","PMC6285469"
"137","PMC7909782"
"138","PMC6544941"
"139","PMC8863272"
"140","PMC8884875"
"141","PMC8069287"
"142","PMC6267027"
"143","PMC7501671"
"144","PMC6683618"
"145","PMC5483811"
"146","PMC6888950"
"147","PMC5969184"
"148","PMC6093840"
"149","PMC8941226"
"150","PMC7723784"
"151","PMC8268706"
"152","PMC8326830"
"153","PMC6481571"
"154","PMC8381141"
"155","PMC8793298"
"156","PMC8125453"
"157","PMC7396619"
"158","PMC6218475"
"159","PMC6353263"
"160","PMC8430828"
"161","PMC7801948"
"162","PMC6612523"
"163","PMC8466777"
"164","PMC5440689"
"165","PMC8764139"
"166","PMC5501544"
"167","PMC9048676"
"168","PMC8066095"
"169","PMC6499564"
"170","PMC7892658"
"171","PMC8048988"
"172","PMC8174046"
"173","PMC5805431"
"174","PMC5970034"
"175","PMC8160812"
"176","PMC5339280"
"177","PMC8674202"
"178","PMC8770262"
"179","PMC8185259"
"180","PMC8028216"
"181","PMC8055664"
"182","PMC6805642"
"183","PMC6217760"
"184","PMC7331930"
"185","PMC6804977"
"186","PMC8185963"
"187","PMC8411706"
"188","PMC6581498"
"189","PMC9119531"
"190","PMC8176058"
"191","PMC7871964"
"192","PMC8571852"
"193","PMC9147525"
"194","PMC5217616"
"195","PMC8288092"
"196","PMC7344466"
"197","PMC5703870"
"198","PMC6940916"
"199","PMC8521428"
"200","PMC6191926"
"201","PMC6090404"
"202","PMC7384295"
"203","PMC7441373"
"204","PMC7875524"
"205","PMC7113160"
"206","PMC7241643"
"207","PMC6629962"
"208","PMC7890472"
"209","PMC6161901"
"210","PMC7350703"
"211","PMC8213559"
"212","PMC6375882"
"213","PMC6937528"
"214","PMC8460497"
"215","PMC8534415"
"216","PMC8815471"
"217","PMC8494627"
"218","PMC8136741"
"219","PMC7817858"
"220","PMC8367136"
"221","PMC7788647"
"222","PMC7306471"
"223","PMC6033492"
"224","PMC6826255"
"225","PMC6752840"
"226","PMC8794187"
"227","PMC5712995"
"228","PMC5347084"
"229","PMC8598010"
"230","PMC6923274"
"231","PMC7352125"
"232","PMC8677781"
"233","PMC6647178"
"234","PMC7839858"
"235","PMC7020716"
"236","PMC8669578"
"237","PMC7225034"
"238","PMC7926794"
"239","PMC7590671"
"240","PMC7171892"
"241","PMC6894380"
"242","PMC5785672"
"243","PMC8520307"
"244","PMC8076895"
"245","PMC9072695"
"246","PMC8200414"
"247","PMC5449778"
"248","PMC6211760"
"249","PMC5802443"
"250","PMC7668454"
"251","PMC8759226"
"252","PMC6824799"
"253","PMC7475516"
"254","PMC7301392"
"255","PMC8650899"
"256","PMC5336246"
"257","PMC8672339"
"258","PMC6501495"
"259","PMC6382286"
"260","PMC8198575"
"261","PMC8036980"
"262","PMC8936520"
"263","PMC8145129"
"264","PMC8751199"
"265","PMC5161700"
"266","PMC8294421"
"267","PMC8989055"
"268","PMC8402030"
"269","PMC8452507"
"270","PMC7598807"
"271","PMC7063596"
"272","PMC8456545"
"273","PMC7241645"
"274","PMC6670231"
"275","PMC7862396"
"276","PMC8955709"
"277","PMC8091947"
"278","PMC8848684"
"279","PMC6398828"
"280","PMC5443369"
"281","PMC8657713"
"282","PMC8957269"
"283","PMC7005094"
"284","PMC5340757"
"285","PMC6456821"
"286","PMC7014644"
"287","PMC5868224"
"288","PMC8997010"
"289","PMC6482650"
"290","PMC8660589"
"291","PMC6262411"
"292","PMC8121998"
"293","PMC7353338"
"294","PMC5543556"
"295","PMC6231854"
"296","PMC7137142"
"297","PMC7382077"
"298","PMC9122027"
"299","PMC6053395"
"300","PMC6554288"
"301","PMC5982051"
"302","PMC8683432"
"303","PMC7080358"
"304","PMC7337948"
"305","PMC7883786"
"306","PMC7648172"
"307","PMC7896086"
"308","PMC7084596"
"309","PMC8251190"
"310","PMC5702473"
"311","PMC8326330"
"312","PMC7561536"
"313","PMC6206213"
"314","PMC8865049"
"315","PMC7242822"
"316","PMC6497363"
"317","PMC5928865"
"318","PMC8122786"
"319","PMC7099017"
"320","PMC7527471"
"321","PMC5606284"
"322","PMC7801394"
"323","PMC6237396"
"324","PMC9149887"
"325","PMC7085813"
"326","PMC8910594"
"327","PMC7544850"
"328","PMC7155288"
"329","PMC5762598"
"330","PMC7767822"
"331","PMC6955527"
"332","PMC6949993"
"333","PMC7559124"
"334","PMC8544593"
"335","PMC6741828"
"336","PMC5758411"
"337","PMC8576459"
"338","PMC8764303"
"339","PMC6408806"
"340","PMC9103969"
"341","PMC7481342"
"342","PMC6864592"
"343","PMC8605070"
"344","PMC7437462"
"345","PMC8001899"
"346","PMC8351973"
"347","PMC7183852"
"348","PMC9122029"
"349","PMC7789403"
"350","PMC8503271"
"351","PMC7775699"
"352","PMC5898885"
"353","PMC7933360"
"354","PMC8744897"
"355","PMC7505362"
"356","PMC7142778"
"357","PMC8103411"
"358","PMC8012634"
"359","PMC7938251"
"360","PMC8504194"
"361","PMC8874255"
"362","PMC5935798"
"363","PMC8934042"
"364","PMC7171857"
"365","PMC8585415"
"366","PMC5511334"
"367","PMC5605008"
"368","PMC6987857"
"369","PMC7173383"
"370","PMC8016432"
"371","PMC8449380"
"372","PMC7769710"
"373","PMC7137123"
"374","PMC5857649"
"375","PMC8601418"
"376","PMC6086023"
"377","PMC9063198"
"378","PMC7806347"
"379","PMC8821918"
"380","PMC6877501"
"381","PMC8037745"
"382","PMC7602628"
"383","PMC8835103"
"384","PMC6629405"
"385","PMC7360796"
"386","PMC5857919"
"387","PMC8544908"
"388","PMC8669439"
"389","PMC7242213"
"390","PMC8945223"
"391","PMC7243936"
"392","PMC7459429"
"393","PMC8394212"
"394","PMC9026182"
"395","PMC8104986"
"396","PMC6488114"
"397","PMC8907020"
"398","PMC8294759"
"399","PMC8910269"
"400","PMC5429396"
"401","PMC7047336"
"402","PMC8620963"
"403","PMC8989431"
"404","PMC6730596"
"405","PMC7484249"
"406","PMC5988365"
"407","PMC8485475"
"408","PMC7763627"
"409","PMC7711575"
"410","PMC8160372"
"411","PMC8028230"
"412","PMC7148093"
"413","PMC8562142"
"414","PMC7360630"
"415","PMC8533790"
"416","PMC7991980"
"417","PMC7883001"
"418","PMC6841649"
"419","PMC8463558"
"420","PMC6854430"
"421","PMC5409235"
"422","PMC5291452"
"423","PMC7486401"
"424","PMC6798744"
"425","PMC8595159"
"426","PMC8975482"
"427","PMC8786738"
"428","PMC8143425"
"429","PMC6401606"
"430","PMC7717528"
"431","PMC7786296"
"432","PMC8191731"
"433","PMC7899209"
"434","PMC8794449"
"435","PMC6207440"
"436","PMC7655098"
"437","PMC8190567"
"438","PMC7739582"
"439","PMC8646271"
"440","PMC8718114"
"441","PMC8959915"
"442","PMC8566549"
"443","PMC7651984"
"444","PMC8910545"
"445","PMC5709236"
"446","PMC7939375"
"447","PMC5739380"
"448","PMC5785961"
"449","PMC6442724"
"450","PMC7735697"
"451","PMC7029786"
"452","PMC6214870"
"453","PMC6610321"
"454","PMC7161279"
"455","PMC6892442"
"456","PMC8583015"
"457","PMC7673550"
"458","PMC6105686"
"459","PMC7306343"
"460","PMC6701714"
"461","PMC9029465"
"462","PMC7580912"
"463","PMC8977559"
"464","PMC6682906"
"465","PMC5310845"
"466","PMC8443016"
"467","PMC9064190"
"468","PMC9118670"
"469","PMC7429812"
"470","PMC7012981"
"471","PMC6982990"
"472","PMC6752643"
"473","PMC8114502"
"474","PMC6603783"
"475","PMC5755948"
"476","PMC5504767"
"477","PMC9003218"
"478","PMC5467003"
"479","PMC8297241"
"480","PMC8451368"
"481","PMC7566903"
"482","PMC7034366"
"483","PMC7926418"
"484","PMC6739009"
"485","PMC8724780"
"486","PMC6529394"
"487","PMC7041252"
"488","PMC6861131"
"489","PMC7923480"
"490","PMC8165179"
"491","PMC6409770"
"492","PMC7753919"
"493","PMC6382480"
"494","PMC7884345"
"495","PMC7850763"
"496","PMC7511686"
"497","PMC6915072"
"498","PMC7176581"
"499","PMC8650911"
"500","PMC7498706"
